<?xml version="1.0" encoding="UTF-8"?>
<model package="clientexceptions" baseClass="xPDOObject" platform="mysql" defaultEngine="MyISAM" version="1.0">
    <object class="ClientExceptionsExceptions" table="clientexceptions_exceptions" extends="xPDOSimpleObject">
    	<field key="id" dbtype="int" precision="11" phptype="integer" null="false" index="pk" generated="native"/>
    	<field key="context" dbtype="varchar" precision="75" phptype="string" null="false" default=""/>
    	<field key="type" dbtype="int" precision="11" phptype="integer" null="false"/>
    	<field key="ip" dbtype="varchar" precision="15" phptype="string" null="false" default=""/>
        <field key="name" dbtype="varchar" precision="75" phptype="string" null="false" default=""/>
        <field key="description" dbtype="text" precision="" phptype="string" null="false" default=""/>
        <field key="active" dbtype="int" precision="1" phptype="integer" null="false" default="1"/>
        <field key="editedon" dbtype="timestamp" phptype="timestamp" attributes="ON UPDATE CURRENT_TIMESTAMP" null="false" default=""/>
        
        <index alias="PRIMARY" name="PRIMARY" primary="true" unique="true">
                <column key="id" collation="A" null="false" />
        </index>
    </object>
</model>